"Age","CZ0
ČR","CZ01
Praha","CZ02
Střední
Čechy","CZ03
Jihozápad","CZ04
Severo-
západ","CZ05
Severo-
východ","CZ06
Jihovýchod","CZ07
Střední
Morava","CZ08
Moravsko-
slezsko","CZ010
Hl.m.Praha","CZ020
STČ kraj","CZ031
JIČ kraj","CZ032
PLZ kraj","CZ041
KVA kraj","CZ042
ÚST kraj","CZ051
LIB kraj","CZ052
KHR kraj","CZ053
PAR kraj","CZ063
VYS kraj","CZ064
JIM kraj","CZ071
OLM kraj","CZ072
ZLN kraj","CZ080
MSL kraj","CZ0100
AB","CZ0201
BN","CZ0202
BE","CZ0203
KD","CZ0204
KO","CZ0205
KH","CZ0206
ME","CZ0207
MB","CZ0208
NB","CZ0209
PY","CZ020A
PZ","CZ020B
PB","CZ020C
RA","CZ0311
CB","CZ0312
CK","CZ0313
JH","CZ0314
PI","CZ0315
PT","CZ0316
ST","CZ0317
TA","CZ0321
DO","CZ0322
KT","CZ0323
PM","CZ0324
PJ","CZ0325
PS","CZ0326
RO","CZ0327
TC","CZ0411
CH","CZ0412
KV","CZ0413
SO","CZ0421
DC","CZ0422
CV","CZ0423
LT","CZ0424
LN","CZ0425
MO","CZ0426
TP","CZ0427
UL","CZ0511
CL","CZ0512
JN","CZ0513
LI","CZ0514
SM","CZ0521
HK","CZ0522
JC","CZ0523
NA","CZ0524
RK","CZ0525
TU","CZ0531
CR","CZ0532
PU","CZ0533
SY","CZ0534
UO","CZ0631
HB","CZ0632
JI","CZ0633
PE","CZ0634
TR","CZ0635
ZR","CZ0641
BK","CZ0642
BM","CZ0643
BI","CZ0644
BV","CZ0645
HO","CZ0646
VY","CZ0647
ZN","CZ0711
JE","CZ0712
OC","CZ0713
PV","CZ0714
PR","CZ0715
SU","CZ0721
KM","CZ0722
UH","CZ0723
VS","CZ0724
ZL","CZ0801
BR","CZ0802
FM","CZ0803
KI","CZ0804
NJ","CZ0805
OP","CZ0806
OV"
-1,"5,390,264","664,963","684,693","617,155","563,430","765,651","859,260","620,569","614,543","664,963","684,693","324,183","292,972","149,674","413,756","224,259","279,659","261,733","256,205","603,055","323,290","297,279","614,543","664,963","49,528","46,767","83,667","50,656","38,011","54,209","63,522","50,334","89,301","72,935","57,896","27,867","98,758","30,377","46,058","36,023","25,279","35,725","51,963","30,882","43,516","97,438","31,011","39,269","24,359","26,497","46,502","58,579","44,593","65,687","62,464","60,158","43,611","56,621","64,291","60,924","52,265","46,227","88,587","37,180","83,744","40,082","56,021","39,775","60,037","52,500","87,044","52,676","69,513","47,594","56,949","36,217","56,218","59,227","54,985","196,227","111,153","58,863","78,205","46,111","57,511","19,449","120,276","55,680","66,363","61,522","53,974","72,502","72,787","98,016","46,698","108,354","126,810","76,836","89,918","165,927"
0,"55,664","7,363","7,481","6,335","5,503","7,627","9,265","6,245","5,845","7,363","7,481","3,359","2,976","1,370","4,133","2,274","2,748","2,605","2,707","6,558","3,283","2,962","5,845","7,363",537,531,866,539,412,603,701,515,"1,072",830,592,283,"1,056",318,445,347,273,390,530,292,380,"1,078",318,388,248,272,434,479,457,640,634,628,435,553,630,613,508,470,948,348,843,410,507,438,550,550,869,507,679,539,632,363,558,615,581,"2,254","1,282",598,699,536,608,171,"1,308",557,614,633,518,753,720,971,428,"1,116","1,086",783,861,"1,571"
1,"55,212","7,450","7,579","6,165","5,416","7,804","9,067","6,021","5,710","7,450","7,579","3,230","2,935","1,397","4,019","2,376","2,714","2,714","2,590","6,477","3,190","2,831","5,710","7,450",525,529,904,545,384,581,725,516,"1,138",915,550,267,"1,101",314,431,356,233,345,450,311,437,966,304,392,256,269,418,527,452,623,621,549,433,539,618,636,553,544,931,348,832,408,519,394,561,531,944,524,715,492,630,316,554,598,580,"2,218","1,301",599,737,486,556,164,"1,301",527,642,556,544,645,669,973,400,"1,036","1,094",784,844,"1,552"
2,"54,635","7,186","7,689","6,044","5,510","7,549","8,956","5,998","5,703","7,186","7,689","3,204","2,840","1,334","4,176","2,309","2,693","2,547","2,584","6,372","3,111","2,887","5,703","7,186",529,553,841,569,410,579,677,510,"1,222",923,560,316,"1,059",293,424,340,249,357,482,325,349,"1,000",263,416,218,269,413,505,416,649,655,598,446,557,615,656,531,455,950,373,822,411,519,398,543,501,875,505,666,493,576,327,603,585,568,"2,118","1,343",549,699,481,614,175,"1,228",551,553,604,500,670,766,951,397,"1,017","1,059",767,885,"1,578"
3,"54,443","7,248","7,916","5,978","5,342","7,473","8,759","5,835","5,892","7,248","7,916","3,197","2,781","1,306","4,036","2,154","2,677","2,642","2,511","6,248","3,090","2,745","5,892","7,248",541,550,909,533,368,604,700,614,"1,255","1,007",544,291,"1,070",289,440,344,225,364,465,287,378,948,296,388,230,254,417,497,392,607,594,617,453,565,591,609,516,428,885,325,831,344,497,438,567,551,893,512,686,472,599,319,536,585,573,"2,046","1,305",551,701,517,555,156,"1,274",530,593,537,492,649,679,925,419,"1,081","1,132",782,902,"1,576"
4,"53,212","6,769","7,761","5,921","5,340","7,491","8,474","5,786","5,670","6,769","7,761","3,128","2,793","1,360","3,980","2,233","2,706","2,552","2,360","6,114","3,105","2,681","5,670","6,769",530,479,901,576,332,554,685,537,"1,287","1,009",585,286,983,273,414,338,246,339,535,308,422,936,272,371,215,269,450,510,400,610,573,581,478,528,610,600,514,443,926,350,848,372,527,401,558,462,895,502,693,424,559,308,496,573,573,"1,874","1,343",571,663,527,563,167,"1,232",531,577,598,488,655,662,876,380,"1,022","1,100",757,872,"1,539"
5,"53,826","7,048","7,900","6,149","5,394","7,518","8,511","5,712","5,594","7,048","7,900","3,202","2,947","1,339","4,055","2,192","2,664","2,662","2,499","6,012","3,080","2,632","5,594","7,048",537,542,944,555,363,572,672,552,"1,310","1,049",554,250,"1,077",308,431,305,258,323,500,300,402,955,323,397,283,287,396,519,424,655,625,637,392,563,620,563,482,467,908,335,769,371,517,409,598,519,905,550,688,483,580,351,532,553,597,"1,929","1,267",557,658,480,524,184,"1,215",522,590,569,464,619,664,885,389,"1,082","1,093",699,827,"1,504"
6,"53,568","6,782","8,089","5,938","5,491","7,565","8,452","5,736","5,515","6,782","8,089","3,103","2,835","1,396","4,095","2,326","2,606","2,633","2,429","6,023","3,025","2,711","5,515","6,782",519,538,933,544,387,612,717,573,"1,331","1,113",551,271,"1,010",308,382,347,250,328,478,286,417,941,301,419,222,249,453,530,413,657,595,633,450,551,605,604,518,492,964,352,770,373,499,398,566,526,869,537,701,447,562,340,516,564,547,"1,925","1,291",541,704,475,540,156,"1,246",533,548,542,509,616,704,882,398,"1,017","1,118",723,833,"1,426"
7,"58,421","7,075","8,429","6,654","6,104","8,229","9,060","6,430","6,440","7,075","8,429","3,495","3,159","1,587","4,517","2,520","2,888","2,821","2,647","6,413","3,411","3,019","6,440","7,075",559,593,962,567,375,632,739,641,"1,374","1,084",583,320,"1,139",336,500,354,274,352,540,350,440,"1,051",319,465,240,294,486,603,498,732,676,631,530,571,697,680,599,498,"1,040",383,885,403,573,423,604,527,962,583,749,513,652,340,524,618,622,"1,989","1,359",624,736,512,571,185,"1,300",608,670,648,543,750,714,"1,012",458,"1,221","1,263",864,937,"1,697"
8,"59,635","7,007","8,547","6,790","6,387","8,630","9,199","6,568","6,507","7,007","8,547","3,575","3,215","1,630","4,757","2,599","3,146","2,885","2,642","6,557","3,553","3,015","6,507","7,007",599,571,989,584,398,622,764,640,"1,376","1,098",636,270,"1,113",373,476,357,276,402,578,372,449,"1,070",380,430,240,274,507,617,506,772,731,699,521,643,683,708,604,524,"1,069",402,927,453,641,460,665,563,975,564,783,473,640,339,549,641,610,"1,966","1,386",613,751,571,660,192,"1,380",632,675,674,557,745,756,957,485,"1,169","1,309",867,969,"1,708"
9,"60,121","6,846","8,629","6,859","6,686","8,618","9,277","6,672","6,534","6,846","8,629","3,607","3,252","1,721","4,965","2,683","3,074","2,861","2,748","6,529","3,538","3,134","6,534","6,846",590,606,977,590,402,662,773,660,"1,353","1,101",605,310,"1,110",377,515,405,302,360,538,392,426,"1,044",365,470,266,289,525,667,529,797,802,712,495,696,726,737,647,525,"1,075",436,923,430,637,415,669,557,944,588,772,518,669,373,573,615,634,"1,921","1,408",649,766,525,626,210,"1,325",596,701,706,550,724,782,"1,078",502,"1,156","1,349",811,968,"1,748"
10,"58,176","6,368","8,126","6,742","6,507","8,434","8,879","6,453","6,667","6,368","8,126","3,562","3,180","1,695","4,812","2,515","3,062","2,857","2,731","6,148","3,469","2,984","6,667","6,368",544,538,969,559,444,613,722,632,"1,246",965,619,275,"1,079",389,507,383,259,401,544,351,448,985,334,473,254,335,541,666,488,807,701,692,522,642,734,714,652,494,998,371,917,447,579,432,687,524,969,599,765,507,642,348,610,624,583,"1,855","1,253",579,778,457,643,190,"1,295",596,709,679,568,682,745,989,488,"1,204","1,287",875,"1,026","1,787"
11,"52,916","5,932","7,307","6,121","5,873","7,690","8,061","5,957","5,975","5,932","7,307","3,209","2,912","1,478","4,395","2,295","2,799","2,596","2,443","5,618","3,153","2,804","5,975","5,932",514,514,807,518,343,515,624,557,"1,128",958,547,282,991,337,446,325,253,336,521,309,424,920,325,404,228,302,451,560,467,703,621,614,467,632,709,649,536,489,904,366,826,384,556,430,603,515,843,510,728,454,565,343,503,578,525,"1,701","1,169",555,732,431,505,196,"1,128",554,681,594,483,668,702,951,424,"1,057","1,213",758,941,"1,582"
12,"50,367","5,452","6,989","5,741","5,545","7,124","7,952","5,819","5,745","5,452","6,989","3,051","2,690","1,376","4,169","2,081","2,605","2,438","2,475","5,477","3,005","2,814","5,745","5,452",480,496,855,491,344,520,568,533,"1,073",859,527,243,914,303,456,336,245,317,480,315,438,768,316,380,228,245,461,494,421,735,650,612,400,509,644,619,478,389,852,362,759,400,525,348,573,510,722,540,666,469,534,337,541,594,516,"1,605","1,098",571,709,423,555,201,"1,093",537,622,552,495,705,711,903,422,"1,065","1,093",749,884,"1,532"
13,"47,839","4,959","6,618","5,493","5,390","7,006","7,466","5,497","5,410","4,959","6,618","2,964","2,529","1,269","4,121","2,107","2,500","2,399","2,314","5,152","2,942","2,555","5,410","4,959",460,454,744,452,310,552,576,477,"1,001",775,560,257,892,298,398,298,251,352,475,280,394,769,283,357,208,238,411,489,369,612,641,584,449,571,650,614,488,416,876,327,679,338,523,410,550,460,734,508,697,412,490,325,498,589,512,"1,445","1,076",541,651,451,476,208,"1,072",523,573,566,499,632,601,823,436,"1,034","1,046",675,842,"1,377"
14,"46,098","4,506","6,120","5,366","5,201","6,744","7,331","5,370","5,460","4,506","6,120","2,869","2,497","1,262","3,939","1,986","2,483","2,275","2,402","4,929","2,839","2,531","5,460","4,506",436,372,728,475,290,507,511,473,838,709,534,247,825,297,409,336,202,312,488,308,415,704,254,367,213,236,394,484,384,657,581,531,422,505,597,646,498,409,780,299,660,359,532,406,526,467,694,501,613,450,501,324,549,578,465,"1,389","1,003",484,634,406,548,179,"1,013",518,572,557,420,639,638,834,433,"1,014","1,063",731,797,"1,422"
15,"45,659","4,354","6,141","5,350","5,189","6,625","7,296","5,295","5,409","4,354","6,141","2,855","2,495","1,342","3,847","2,024","2,377","2,224","2,319","4,977","2,741","2,554","5,409","4,354",453,402,739,431,332,544,542,455,848,685,489,221,796,296,413,321,248,328,453,295,367,780,284,343,199,227,427,495,420,638,615,519,412,533,570,560,505,381,805,333,664,349,498,348,518,435,659,488,642,457,493,324,476,569,436,"1,460",999,462,710,405,505,165,995,504,545,532,466,621,653,814,446,957,"1,081",719,781,"1,425"
16,"44,841","4,349","5,862","5,333","5,155","6,566","6,939","5,369","5,268","4,349","5,862","2,822","2,511","1,331","3,824","1,939","2,356","2,271","2,169","4,770","2,798","2,571","5,268","4,349",427,368,722,411,301,431,539,419,812,674,517,241,769,285,431,303,254,315,465,288,389,768,263,370,193,240,415,485,431,650,576,553,369,510,597,569,439,396,764,340,658,349,502,339,508,482,656,482,651,367,465,319,500,518,475,"1,359",972,453,624,365,522,166,"1,039",479,575,539,504,615,615,837,412,929,"1,041",710,791,"1,385"
17,"44,377","4,456","5,714","5,239","5,112","6,604","6,954","5,099","5,199","4,456","5,714","2,770","2,469","1,361","3,751","1,978","2,384","2,242","2,272","4,682","2,625","2,474","5,199","4,456",448,437,662,384,315,431,515,437,725,678,464,218,831,279,394,313,231,304,418,312,385,707,244,353,227,241,454,507,400,624,583,547,372,497,573,555,495,393,778,312,642,336,518,362,526,461,713,497,571,410,493,345,495,529,427,"1,349",909,482,634,396,485,174,939,471,536,505,419,578,615,862,438,950,"1,049",665,792,"1,305"
18,"44,556","4,528","5,603","5,105","4,985","6,746","6,941","5,288","5,360","4,528","5,603","2,743","2,362","1,304","3,681","1,973","2,432","2,341","2,223","4,718","2,723","2,565","5,360","4,528",416,391,659,418,332,449,481,410,691,618,495,243,793,279,404,313,230,300,424,270,379,676,277,353,187,220,424,503,377,588,595,508,373,502,560,555,481,379,770,343,698,333,525,345,531,497,698,487,659,398,489,320,501,515,451,"1,353",904,469,667,398,476,173,998,480,586,486,473,630,650,812,425,922,"1,138",724,789,"1,362"
19,"45,261","4,737","5,508","5,172","5,015","6,738","7,313","5,282","5,496","4,737","5,508","2,791","2,381","1,281","3,734","2,002","2,374","2,362","2,401","4,912","2,711","2,571","5,496","4,737",368,380,699,396,339,453,500,400,679,564,501,229,801,271,425,305,247,271,471,259,372,682,276,361,205,226,396,468,417,641,584,505,386,512,585,521,499,417,761,325,651,357,494,349,523,488,696,503,675,449,528,351,517,556,451,"1,445",938,506,662,381,529,194,981,433,561,542,463,659,652,797,458,"1,006","1,134",725,792,"1,381"
20,"45,834","5,085","5,669","5,195","5,003","6,833","7,332","5,274","5,443","5,085","5,669","2,819","2,376","1,311","3,692","1,969","2,447","2,417","2,378","4,954","2,778","2,496","5,443","5,085",420,362,688,409,327,441,544,423,703,566,541,245,822,286,404,325,241,302,439,221,371,734,268,346,193,243,425,481,405,589,552,523,403,515,565,545,490,414,739,326,704,336,524,393,490,483,762,495,677,431,499,334,491,623,486,"1,471",895,464,698,397,543,181,993,506,569,529,427,624,629,816,446,984,"1,107",687,797,"1,422"
21,"46,155","5,179","5,496","5,267","5,037","6,769","7,378","5,431","5,598","5,179","5,496","2,795","2,472","1,271","3,766","1,984","2,463","2,322","2,415","4,963","2,810","2,621","5,598","5,179",396,336,654,406,300,488,508,418,692,572,510,216,785,288,437,314,209,325,437,268,385,746,262,348,224,239,395,453,423,600,589,507,435,490,592,553,488,377,811,308,685,333,573,336,536,478,720,487,637,454,515,332,532,582,470,"1,486",946,509,660,401,491,178,"1,007",459,593,573,473,645,683,820,462,974,"1,169",696,790,"1,507"
22,"48,946","5,560","6,062","5,537","5,325","6,998","7,918","5,741","5,805","5,560","6,062","2,935","2,602","1,378","3,947","2,031","2,522","2,445","2,497","5,421","2,969","2,772","5,805","5,560",458,411,733,448,383,489,588,464,714,591,517,266,896,291,434,324,227,322,441,282,405,792,278,362,227,256,433,465,480,637,617,543,415,533,611,591,491,407,788,345,710,388,511,363,550,495,751,535,664,448,491,323,579,656,539,"1,617",997,522,734,412,600,190,"1,034",503,639,603,543,662,733,834,456,"1,056","1,230",728,867,"1,468"
23,"54,361","6,185","6,431","6,291","5,976","7,826","8,837","6,369","6,446","6,185","6,431","3,389","2,902","1,586","4,390","2,276","2,771","2,779","2,795","6,042","3,327","3,042","6,446","6,185",476,423,817,472,392,533,632,460,760,654,531,281,976,330,510,377,273,362,561,337,435,870,330,419,232,279,486,604,496,651,663,616,438,650,675,697,559,481,863,373,836,391,562,370,612,610,811,598,760,514,583,385,612,701,597,"1,787","1,064",634,866,474,620,210,"1,180",531,723,683,565,741,752,984,500,"1,116","1,360",844,929,"1,697"
24,"61,209","6,747","7,328","7,047","6,555","8,957","10,134","7,150","7,291","6,747","7,328","3,790","3,257","1,712","4,843","2,591","3,280","3,086","3,220","6,914","3,709","3,441","7,291","6,747",535,450,927,535,470,634,696,536,844,761,622,318,"1,122",358,583,425,280,427,595,386,524,984,327,435,277,324,519,633,560,791,721,687,530,680,750,684,634,485,"1,030",442,940,465,684,485,706,603,958,674,851,540,690,432,756,802,647,"2,073","1,204",737,971,543,739,226,"1,322",609,792,760,620,846,875,"1,100",562,"1,306","1,550",936,"1,005","1,932"
25,"61,724","7,167","7,385","6,966","6,360","8,958","10,110","7,414","7,364","7,167","7,385","3,715","3,251","1,641","4,719","2,542","3,221","3,195","3,142","6,968","3,826","3,588","7,364","7,167",568,479,905,584,420,621,762,518,875,698,641,314,"1,147",362,533,390,309,382,592,326,477,"1,010",354,461,291,332,526,632,483,700,707,721,477,686,731,697,559,519,"1,003",461,959,477,617,489,679,649,992,674,880,548,672,436,715,771,604,"2,175","1,230",746,946,536,731,257,"1,456",659,736,718,643,899,894,"1,152",552,"1,316","1,565",985,"1,010","1,936"
26,"65,685","8,276","7,787","7,482","6,732","9,223","10,662","7,690","7,833","8,276","7,787","3,962","3,520","1,789","4,943","2,686","3,384","3,153","3,275","7,387","4,031","3,659","7,833","8,276",583,525,985,555,453,649,778,582,914,764,679,320,"1,245",400,528,396,320,422,651,404,495,"1,100",382,538,292,309,515,691,583,765,735,732,519,675,737,780,638,558,"1,059",431,998,518,693,507,668,633,"1,037",609,874,579,699,448,736,813,658,"2,420","1,323",699,947,592,748,242,"1,513",649,868,759,651,893,938,"1,177",632,"1,341","1,583","1,014","1,097","2,166"
27,"67,159","8,865","7,944","7,557","6,901","9,340","10,788","7,691","8,073","8,865","7,944","4,005","3,552","1,860","5,041","2,763","3,309","3,268","3,226","7,562","4,027","3,664","8,073","8,865",574,498,979,593,460,688,787,605,"1,006",759,672,323,"1,305",315,560,452,329,435,609,372,478,"1,238",355,469,285,355,595,673,592,767,775,707,534,751,757,750,657,539,"1,112",455,"1,048",435,664,477,685,661,"1,058",645,904,584,708,429,749,756,656,"2,561","1,359",690,986,579,731,202,"1,436",676,865,848,607,897,934,"1,226",621,"1,349","1,619","1,048","1,158","2,278"
28,"66,776","9,155","7,920","7,662","6,794","9,231","10,672","7,557","7,785","9,155","7,920","3,973","3,689","1,816","4,978","2,774","3,275","3,182","3,032","7,640","3,975","3,582","7,785","9,155",520,546,970,598,439,642,799,614,990,765,676,361,"1,275",399,541,451,314,427,566,389,496,"1,274",397,466,297,370,556,711,549,748,829,727,549,663,757,705,639,518,"1,145",472,"1,006",476,657,461,675,670,"1,067",609,836,518,682,406,692,734,680,"2,702","1,348",750,921,548,691,247,"1,556",652,801,719,634,866,902,"1,180",559,"1,398","1,567",920,"1,149","2,192"
29,"69,579","10,023","8,335","7,770","7,039","9,576","11,026","7,739","8,071","10,023","8,335","4,044","3,726","1,861","5,178","2,843","3,367","3,366","3,151","7,875","4,120","3,619","8,071","10,023",591,543,"1,071",646,479,686,820,580,"1,048",856,685,330,"1,310",384,547,408,317,447,631,381,480,"1,345",361,503,317,339,588,706,567,761,837,715,525,753,842,745,691,544,"1,164",444,"1,002",492,678,478,717,695,"1,177",657,837,580,717,437,683,734,683,"2,824","1,456",715,911,575,711,245,"1,604",679,835,757,651,901,905,"1,162",567,"1,381","1,644","1,044","1,170","2,265"
30,"68,331","10,093","8,476","7,633","6,744","9,304","10,828","7,609","7,644","10,093","8,476","3,928","3,705","1,809","4,935","2,823","3,300","3,181","3,027","7,801","4,013","3,596","7,644","10,093",568,594,"1,023",680,445,702,823,598,"1,132",862,694,355,"1,299",416,467,412,274,458,602,392,461,"1,325",369,476,296,386,536,720,553,771,794,704,494,685,777,710,656,559,"1,143",465,"1,022",466,635,474,703,637,"1,156",582,806,555,687,412,642,731,682,"2,797","1,386",703,934,583,716,236,"1,579",647,837,714,598,916,896,"1,186",528,"1,357","1,591",935,"1,111","2,122"
31,"69,325","10,547","8,604","7,704","6,857","9,176","11,198","7,477","7,762","10,547","8,604","3,944","3,760","1,849","5,008","2,719","3,284","3,173","3,083","8,115","3,908","3,569","7,762","10,547",579,579,"1,024",641,478,705,877,613,"1,092",924,751,341,"1,317",374,509,434,300,424,586,375,490,"1,373",347,505,320,350,566,722,561,706,804,699,558,696,806,739,622,539,"1,166",392,"1,046",455,632,476,675,640,"1,178",557,798,534,720,433,679,717,665,"2,962","1,434",736,966,656,696,201,"1,562",638,784,723,678,833,875,"1,183",516,"1,317","1,556",928,"1,154","2,291"
32,"71,083","10,856","9,065","7,867","6,930","9,534","11,540","7,619","7,672","10,856","9,065","3,949","3,918","1,894","5,036","2,798","3,401","3,335","3,226","8,314","3,951","3,668","7,672","10,856",609,668,"1,068",694,490,704,848,667,"1,189","1,015",744,369,"1,300",376,479,427,293,415,659,359,481,"1,466",401,491,331,389,584,732,578,755,781,724,557,705,774,740,667,561,"1,150",420,"1,040",536,632,493,700,664,"1,199",620,852,630,706,466,689,735,654,"2,999","1,537",772,966,639,747,204,"1,610",648,803,686,669,879,900,"1,220",544,"1,334","1,613",957,"1,144","2,080"
33,"70,962","10,870","9,254","7,947","6,868","9,545","11,430","7,580","7,468","10,870","9,254","4,088","3,859","1,837","5,031","2,857","3,380","3,308","3,137","8,293","3,903","3,677","7,468","10,870",599,645,"1,089",701,444,709,936,640,"1,341","1,041",759,350,"1,373",412,549,388,302,449,615,373,508,"1,371",426,509,313,359,550,719,568,752,850,720,522,696,791,700,687,609,"1,128",433,"1,063",478,616,529,694,626,"1,243",610,829,604,708,456,664,705,713,"2,955","1,556",751,971,638,709,194,"1,559",691,784,675,642,944,878,"1,213",566,"1,334","1,439",891,"1,127","2,111"
34,"71,212","10,944","9,406","7,973","6,948","9,315","11,450","7,555","7,621","10,944","9,406","4,064","3,909","1,792","5,156","2,869","3,312","3,134","3,091","8,359","3,989","3,566","7,621","10,944",648,678,"1,102",676,503,717,874,691,"1,393","1,082",710,332,"1,314",413,529,409,330,424,645,344,527,"1,441",387,545,315,350,559,688,545,777,798,747,573,702,789,770,670,596,"1,191",412,"1,032",495,638,481,666,604,"1,144",605,781,553,741,419,708,670,787,"2,939","1,578",781,914,623,737,212,"1,553",718,791,715,599,859,887,"1,221",505,"1,342","1,564",988,"1,148","2,074"
35,"72,970","11,165","9,757","8,088","7,126","9,617","11,772","7,803","7,642","11,165","9,757","4,145","3,943","1,830","5,296","2,917","3,420","3,280","3,212","8,560","4,087","3,716","7,642","11,165",693,740,"1,150",718,486,719,856,715,"1,481","1,096",716,387,"1,312",401,578,446,315,440,653,362,519,"1,468",379,544,344,327,540,715,575,836,788,801,584,678,799,810,694,616,"1,157",450,"1,080",522,670,451,697,652,"1,158",654,816,570,758,436,718,730,773,"3,032","1,595",777,981,631,771,218,"1,682",722,790,675,649,928,879,"1,260",541,"1,423","1,436",956,"1,167","2,119"
36,"73,246","10,872","10,105","8,154","7,057","9,745","11,818","8,117","7,378","10,872","10,105","4,252","3,902","1,831","5,226","2,955","3,447","3,343","3,215","8,603","4,356","3,761","7,378","10,872",631,728,"1,212",673,507,793,922,766,"1,552","1,229",747,345,"1,305",430,615,435,332,481,654,391,513,"1,375",436,527,340,320,566,725,540,796,859,778,542,688,800,763,690,604,"1,199",462,"1,069",498,657,498,725,644,"1,183",665,851,580,751,467,703,714,748,"2,937","1,739",820,993,631,735,221,"1,693",810,856,776,699,903,851,"1,308",493,"1,326","1,431",958,"1,113","2,057"
37,"76,928","11,334","10,661","8,679","7,525","10,246","12,336","8,321","7,826","11,334","10,661","4,472","4,207","1,974","5,551","3,115","3,622","3,509","3,390","8,946","4,404","3,917","7,826","11,334",716,740,"1,228",777,480,749,987,834,"1,709","1,261",799,381,"1,452",410,621,469,363,474,683,395,565,"1,543",418,564,373,349,671,772,531,790,878,871,597,781,833,801,770,637,"1,235",473,"1,140",527,690,537,728,694,"1,227",692,896,623,808,477,740,742,775,"3,025","1,670",859,"1,060",727,830,226,"1,789",784,843,762,704,974,912,"1,327",582,"1,402","1,460","1,039","1,194","2,149"
38,"85,090","12,401","11,939","9,406","8,483","11,483","13,334","9,161","8,883","12,401","11,939","4,893","4,513","2,205","6,278","3,388","4,087","4,008","3,635","9,699","4,790","4,371","8,883","12,401",774,828,"1,396",877,577,880,"1,134",877,"1,842","1,367",934,453,"1,567",509,659,520,373,511,754,470,607,"1,554",478,673,343,388,673,870,662,958,987,"1,019",628,790,956,940,834,733,"1,321",500,"1,311",542,770,557,907,811,"1,394",767,"1,036",614,895,471,805,850,914,"3,223","1,898",938,"1,124",764,838,292,"1,902",830,905,861,782,"1,077","1,010","1,502",635,"1,541","1,659","1,165","1,365","2,518"
39,"87,909","12,529","12,471","9,861","8,766","11,980","13,462","9,593","9,247","12,529","12,471","5,218","4,643","2,259","6,507","3,577","4,283","4,120","3,864","9,598","5,013","4,580","9,247","12,529",824,865,"1,421",816,560,929,"1,157",957,"1,943","1,596",970,433,"1,717",485,711,543,404,540,818,497,617,"1,548",535,674,369,403,741,883,635,999,941,988,703,853,"1,025",998,804,757,"1,440",576,"1,272",642,817,639,913,774,"1,431",824,"1,091",708,901,527,823,905,883,"3,094","1,888",919,"1,200",757,857,265,"1,928",958,973,889,844,"1,079","1,090","1,567",692,"1,648","1,770","1,149","1,404","2,584"
40,"89,195","12,251","12,753","10,003","8,760","12,295","13,918","9,915","9,300","12,251","12,753","5,161","4,842","2,362","6,398","3,689","4,396","4,210","3,899","10,019","5,160","4,755","9,300","12,251",860,921,"1,464",909,535,982,"1,166",943,"2,002","1,594",945,432,"1,587",461,712,580,419,572,830,516,658,"1,629",514,674,425,426,787,899,676,955,944,"1,015",714,839,"1,034",897,865,758,"1,503",563,"1,325",650,868,623,930,801,"1,454",827,"1,128",717,940,504,840,898,870,"3,245","2,100",931,"1,218",738,917,279,"1,979",970,950,982,876,"1,099","1,147","1,633",700,"1,765","1,731","1,172","1,392","2,540"
41,"91,301","11,996","12,608","10,431","9,431","12,898","14,148","10,153","9,636","11,996","12,608","5,375","5,056","2,495","6,936","3,809","4,651","4,438","4,095","10,053","5,425","4,728","9,636","11,996",821,869,"1,523",849,594,947,"1,133",906,"1,943","1,572",960,491,"1,737",498,747,588,399,586,820,518,735,"1,627",558,772,427,419,796,988,711,"1,072","1,044","1,072",715,890,"1,089","1,054",909,759,"1,542",599,"1,401",648,909,663,"1,030",856,"1,536",848,"1,198",765,931,557,898,944,908,"3,239","2,020",973,"1,238",798,877,303,"2,134",882,"1,046","1,060",822,"1,139","1,126","1,641",739,"1,789","1,911","1,269","1,438","2,490"
42,"93,204","11,936","12,932","10,589","9,920","12,943","14,539","10,535","9,810","11,936","12,932","5,441","5,148","2,667","7,253","3,900","4,610","4,433","4,198","10,341","5,546","4,989","9,810","11,936",843,888,"1,494",930,653,"1,035","1,152",978,"1,899","1,630",985,445,"1,688",532,733,611,403,600,874,553,765,"1,711",562,724,399,434,863,"1,042",762,"1,144","1,093","1,056",751,975,"1,174","1,060",881,766,"1,609",644,"1,349",661,892,686,"1,022",784,"1,544",912,"1,193",775,958,562,957,946,949,"3,229","2,070","1,024","1,286",771,"1,012",313,"2,090",939,"1,150","1,054",925,"1,195","1,222","1,647",747,"1,771","1,882","1,301","1,439","2,670"
43,"93,675","11,731","12,573","10,786","10,006","13,261","14,610","10,468","10,240","11,731","12,573","5,579","5,207","2,640","7,366","4,015","4,803","4,443","4,309","10,301","5,553","4,915","10,240","11,731",807,897,"1,495",896,603,"1,009","1,093",954,"1,811","1,518","1,044",446,"1,739",531,791,596,420,601,901,559,747,"1,685",570,728,402,516,828,"1,053",759,"1,195","1,045","1,046",812,991,"1,162","1,115",937,825,"1,632",621,"1,440",675,994,690,"1,004",827,"1,468",975,"1,173",821,965,604,946,973,938,"3,215","2,023","1,030","1,287",799,"1,009",334,"2,114",924,"1,144","1,037",903,"1,164","1,158","1,690",800,"1,801","2,055","1,307","1,568","2,709"
44,"87,233","10,592","11,711","10,089","9,405","12,399","13,500","9,769","9,768","10,592","11,711","5,285","4,804","2,551","6,854","3,741","4,472","4,186","3,898","9,602","5,080","4,689","9,768","10,592",755,771,"1,407",817,596,954,"1,111",819,"1,696","1,387",958,440,"1,712",531,726,554,386,546,830,514,702,"1,584",518,617,397,472,843,975,733,"1,144","1,011",956,686,885,"1,089","1,083",886,777,"1,507",571,"1,278",669,903,636,986,861,"1,404",823,"1,098",703,887,565,848,895,866,"2,975","1,859",921,"1,252",750,979,290,"1,856",934,990,"1,010",879,"1,162","1,105","1,543",771,"1,757","1,975","1,175","1,453","2,637"
45,"79,414","9,326","10,513","9,194","8,765","11,390","12,262","9,008","8,956","9,326","10,513","4,773","4,421","2,214","6,551","3,426","4,119","3,845","3,817","8,445","4,651","4,357","8,956","9,326",708,721,"1,335",749,522,885,976,734,"1,470","1,178",823,412,"1,478",515,674,559,370,476,701,475,654,"1,393",484,604,379,432,715,837,662,"1,058",933,902,693,900,"1,102",963,757,720,"1,376",573,"1,220",576,816,585,922,747,"1,279",782,"1,037",719,834,531,855,878,763,"2,555","1,657",861,"1,172",621,816,298,"1,679",821,964,889,759,"1,101","1,057","1,440",721,"1,597","1,862","1,073","1,291","2,412"
46,"74,942","9,116","9,881","8,453","8,110","10,701","11,524","8,494","8,663","9,116","9,881","4,491","3,962","2,106","6,004","3,194","3,831","3,676","3,560","7,964","4,457","4,037","8,663","9,116",680,645,"1,241",707,546,799,867,735,"1,315","1,178",784,384,"1,403",416,597,500,357,499,719,464,605,"1,206",441,540,335,371,653,819,634,963,888,864,606,819,949,915,733,661,"1,267",533,"1,146",523,777,562,823,698,"1,231",735,"1,012",629,842,530,749,810,743,"2,361","1,524",804,"1,063",639,830,252,"1,682",703,"1,000",820,743,983,"1,040","1,271",634,"1,598","1,817","1,084","1,233","2,297"
47,"72,009","8,601","9,281","8,208","7,829","10,245","11,381","8,197","8,267","8,601","9,281","4,379","3,829","2,087","5,742","2,991","3,800","3,454","3,393","7,988","4,259","3,938","8,267","8,601",663,625,"1,144",607,513,788,861,681,"1,234","1,096",719,350,"1,317",426,656,497,352,466,665,423,535,"1,226",389,519,348,389,604,794,689,910,906,790,576,768,949,843,689,646,"1,141",515,"1,101",516,788,538,857,680,"1,177",679,918,639,762,476,715,801,735,"2,375","1,489",861,"1,092",606,830,215,"1,544",738,917,845,734,923,992,"1,289",607,"1,425","1,751","1,024","1,219","2,241"
48,"68,929","8,099","8,802","7,967","7,319","9,844","10,826","7,924","8,148","8,099","8,802","4,229","3,738","2,036","5,283","2,854","3,661","3,329","3,289","7,537","4,153","3,771","8,148","8,099",606,587,"1,157",603,501,667,835,629,"1,142",990,733,352,"1,271",395,623,445,336,472,687,425,590,"1,178",401,515,293,336,598,812,626,844,798,749,532,742,850,768,688,571,"1,131",464,"1,085",499,775,485,817,650,"1,112",697,870,592,747,443,706,801,708,"2,236","1,376",775,"1,100",574,768,233,"1,477",721,901,821,669,948,915,"1,239",639,"1,438","1,748","1,045","1,101","2,177"
49,"65,869","7,772","8,400","7,626","7,036","9,292","10,344","7,637","7,762","7,772","8,400","4,032","3,594","1,923","5,113","2,736","3,395","3,161","3,137","7,207","3,861","3,776","7,762","7,772",586,563,"1,088",598,476,695,773,596,"1,072",899,709,345,"1,230",358,553,432,319,453,687,380,553,"1,146",392,465,320,338,591,742,590,804,764,716,535,721,825,748,650,592,"1,015",479,"1,041",450,682,463,759,634,"1,025",626,876,605,674,440,706,712,590,"2,310","1,324",762,996,519,706,209,"1,417",635,849,751,675,997,916,"1,188",655,"1,345","1,711",965,"1,064","2,022"
50,"65,811","7,852","8,286","7,459","7,193","9,212","10,309","7,572","7,928","7,852","8,286","3,930","3,529","1,994","5,199","2,670","3,396","3,146","3,181","7,128","3,983","3,589","7,928","7,852",586,579,"1,016",606,465,695,749,582,"1,083",862,719,344,"1,222",360,581,443,308,425,591,364,574,"1,146",355,464,281,345,632,750,612,797,824,725,510,768,822,753,658,566,"1,019",427,986,466,693,480,771,643,"1,025",630,848,595,662,445,718,761,644,"2,206","1,284",724,"1,014",561,695,255,"1,380",694,887,767,654,908,888,"1,139",571,"1,474","1,743",992,"1,053","2,095"
51,"66,819","7,886","8,106","7,700","7,237","9,256","10,666","7,748","8,220","7,886","8,106","4,010","3,690","1,920","5,317","2,717","3,358","3,181","3,230","7,436","4,013","3,735","8,220","7,886",579,565,"1,013",605,455,680,760,579,973,820,729,348,"1,275",383,532,425,328,478,589,391,546,"1,174",390,535,313,341,593,738,589,775,873,715,535,817,845,757,626,544,"1,091",456,986,518,702,447,705,645,"1,025",655,856,570,679,464,778,739,664,"2,248","1,385",788,984,580,787,239,"1,462",659,892,761,668,962,936,"1,169",574,"1,427","1,860",970,"1,133","2,256"
52,"69,242","8,195","8,507","7,876","7,439","9,787","10,930","8,044","8,464","8,195","8,507","4,179","3,697","2,036","5,403","2,811","3,597","3,379","3,351","7,579","4,121","3,923","8,464","8,195",632,547,"1,181",621,480,671,784,589,"1,034",863,750,355,"1,268",399,557,491,323,475,666,377,593,"1,167",387,501,302,370,628,766,642,804,817,792,550,799,863,778,693,576,"1,076",466,997,534,715,534,817,708,"1,079",662,930,594,739,497,752,769,742,"2,456","1,284",799,"1,038",532,728,256,"1,549",703,873,740,691,958,"1,023","1,251",636,"1,483","1,893",968,"1,150","2,334"
53,"72,290","8,587","8,868","8,283","7,780","10,016","11,404","8,343","9,009","8,587","8,868","4,303","3,980","2,112","5,668","3,001","3,622","3,393","3,529","7,875","4,185","4,158","9,009","8,587",621,596,"1,163",651,511,746,796,570,"1,091",915,828,380,"1,358",435,570,464,343,463,670,433,606,"1,274",418,537,322,390,648,825,639,901,883,752,556,871,922,783,714,624,"1,167",496,"1,073",545,747,504,753,713,"1,134",683,863,651,732,510,811,825,674,"2,575","1,394",790,"1,098",575,769,262,"1,515",715,914,779,740,"1,016","1,052","1,350",620,"1,560","2,024","1,046","1,339","2,420"
54,"70,117","8,471","8,378","8,098","7,455","9,825","10,955","8,404","8,531","8,471","8,378","4,305","3,793","2,046","5,409","2,882","3,588","3,355","3,313","7,642","4,260","4,144","8,531","8,471",608,574,"1,090",567,508,647,774,595,988,890,791,346,"1,281",388,602,484,352,493,705,404,590,"1,224",387,508,297,383,603,819,624,816,847,736,523,792,879,816,683,564,"1,136",499,"1,062",505,730,484,807,681,"1,077",674,923,645,715,455,717,781,639,"2,432","1,402",780,"1,081",624,684,281,"1,589",691,894,805,736,"1,024","1,088","1,296",612,"1,419","1,899","1,067","1,223","2,311"
55,"63,094","7,351","7,446","7,320","6,618","8,922","10,040","7,493","7,904","7,351","7,446","3,902","3,418","1,863","4,755","2,528","3,293","3,101","3,147","6,893","3,783","3,710","7,904","7,351",572,512,960,560,461,607,640,509,863,729,709,324,"1,162",333,539,444,340,430,654,346,533,"1,132",335,444,296,332,544,761,558,728,794,658,543,688,681,663,626,536,962,404,970,480,693,435,715,660,"1,014",613,814,589,692,456,674,736,593,"2,294","1,137",686,"1,017",523,643,228,"1,387",663,794,711,694,902,892,"1,222",549,"1,437","1,724",921,"1,153","2,120"
56,"61,641","7,069","7,226","7,312","6,242","8,560","10,107","7,587","7,538","7,069","7,226","3,856","3,456","1,712","4,530","2,423","3,143","2,994","3,192","6,915","3,850","3,737","7,538","7,069",536,453,930,529,430,560,681,544,852,697,665,349,"1,131",357,576,402,298,440,652,360,574,"1,096",368,467,276,315,518,674,520,650,768,663,511,665,675,598,607,500,886,430,882,479,624,479,679,655,"1,007",563,769,604,676,447,736,729,612,"2,267","1,196",709,936,528,667,228,"1,394",679,811,738,715,871,921,"1,230",548,"1,321","1,619",890,"1,160","2,000"
57,"60,190","6,739","7,092","7,190","6,342","8,451","9,713","7,341","7,322","6,739","7,092","3,827","3,363","1,831","4,511","2,431","3,079","2,941","3,006","6,707","3,777","3,564","7,322","6,739",568,493,828,545,448,520,690,525,854,636,656,329,"1,086",387,562,447,329,430,586,335,526,"1,123",369,398,267,345,579,724,528,673,734,644,500,655,706,599,596,502,905,428,956,491,601,422,609,593,991,617,740,553,649,422,700,682,581,"2,171","1,152",663,982,508,650,268,"1,380",596,807,726,667,896,888,"1,113",514,"1,267","1,669",873,"1,153","1,846"
58,"59,570","6,537","6,981","7,128","6,256","8,392","9,763","7,285","7,228","6,537","6,981","3,768","3,360","1,809","4,447","2,340","3,121","2,931","3,089","6,674","3,738","3,547","7,228","6,537",585,452,821,548,450,555,637,530,786,642,680,295,"1,102",374,576,412,282,401,621,348,515,"1,148",337,436,284,292,583,707,519,649,734,638,512,623,684,607,561,484,897,398,926,432,660,414,689,618,959,592,762,594,661,439,701,694,623,"2,128","1,064",702,960,524,673,219,"1,362",664,776,717,639,881,852,"1,175",580,"1,260","1,480",943,"1,069","1,896"
59,"64,939","7,098","7,766","7,728","6,945","9,138","10,320","7,921","8,023","7,098","7,766","4,159","3,569","1,929","5,016","2,651","3,301","3,186","3,187","7,133","4,144","3,777","8,023","7,098",636,516,926,583,507,609,734,587,884,701,741,342,"1,160",388,621,454,381,456,699,383,527,"1,188",360,452,304,355,599,783,547,757,785,755,554,707,764,694,667,540,960,484,"1,012",456,657,474,702,644,"1,055",640,847,567,697,473,676,774,652,"2,276","1,219",739,"1,003",537,707,251,"1,516",678,919,780,696,964,914,"1,203",625,"1,347","1,720",967,"1,216","2,148"
60,"69,590","7,596","8,302","8,304","7,475","9,759","11,368","8,335","8,451","7,596","8,302","4,450","3,854","2,064","5,411","2,750","3,584","3,425","3,420","7,948","4,294","4,041","8,451","7,596",684,503,"1,014",620,529,657,807,667,918,717,788,398,"1,360",427,635,474,358,498,698,435,617,"1,228",361,505,324,384,624,847,593,871,871,770,605,707,850,737,684,564,"1,012",490,"1,034",579,669,541,761,671,"1,118",719,917,641,763,505,757,754,716,"2,474","1,349",845,"1,150",631,783,278,"1,546",750,893,827,745,991,986,"1,319",679,"1,437","1,784","1,037","1,259","2,255"
61,"72,219","7,981","8,669","8,599","7,638","10,465","11,617","8,633","8,617","7,981","8,669","4,548","4,051","2,079","5,559","2,957","3,908","3,600","3,503","8,114","4,509","4,124","8,617","7,981",664,569,"1,081",687,572,669,849,610,932,783,855,398,"1,336",429,645,527,349,522,740,482,630,"1,278",441,524,332,364,666,790,623,875,845,853,626,748,835,777,728,614,"1,093",522,"1,183",541,800,556,828,754,"1,153",756,937,670,803,490,770,770,756,"2,656","1,220",840,"1,126",642,874,322,"1,673",751,884,879,687,"1,024","1,034","1,379",725,"1,516","1,793","1,038","1,287","2,258"
62,"73,013","8,226","8,643","8,768","7,774","10,588","11,740","8,718","8,556","8,226","8,643","4,605","4,163","2,142","5,632","2,883","4,061","3,644","3,561","8,179","4,566","4,152","8,556","8,226",676,587,"1,069",698,518,649,814,680,947,782,811,412,"1,312",417,710,497,367,533,769,428,674,"1,356",458,511,351,385,647,883,612,849,874,906,650,761,833,759,729,593,"1,075",486,"1,231",630,790,563,847,790,"1,229",697,928,689,746,538,798,790,761,"2,623","1,380",869,"1,126",599,821,342,"1,626",797,900,901,805,979,"1,027","1,341",700,"1,367","1,826","1,002","1,348","2,313"
63,"73,358","8,443","8,915","8,563","7,908","10,851","11,462","8,751","8,465","8,443","8,915","4,478","4,085","2,061","5,847","3,055","4,075","3,721","3,429","8,033","4,495","4,256","8,465","8,443",737,624,"1,134",691,518,675,812,650,981,823,836,434,"1,285",413,658,495,366,525,736,420,641,"1,362",433,555,326,348,647,847,567,990,823,897,586,842,895,814,734,617,"1,177",527,"1,221",589,834,563,868,768,"1,199",766,988,661,769,476,787,736,748,"2,556","1,318",853,"1,113",627,818,317,"1,613",753,948,864,827,"1,011","1,031","1,387",704,"1,482","1,653","1,125","1,237","2,264"
64,"73,535","8,423","8,953","8,817","7,985","10,786","11,272","8,754","8,545","8,423","8,953","4,598","4,219","2,273","5,712","3,154","3,995","3,637","3,339","7,933","4,552","4,202","8,545","8,423",704,627,"1,139",729,552,693,878,638,950,809,833,401,"1,297",434,704,540,353,518,752,414,665,"1,402",441,568,344,385,703,900,670,"1,009",904,792,634,719,856,798,764,649,"1,239",502,"1,211",557,772,570,885,709,"1,211",738,979,629,757,467,752,734,730,"2,531","1,318",793,"1,164",590,807,315,"1,625",772,913,927,790,964,979,"1,469",767,"1,492","1,764","1,074","1,217","2,231"
65,"74,803","8,652","9,200","8,702","8,085","11,259","11,541","8,693","8,671","8,652","9,200","4,429","4,273","2,077","6,008","3,351","4,128","3,780","3,419","8,122","4,532","4,161","8,671","8,652",719,594,"1,098",708,542,805,912,688,"1,009",847,853,425,"1,306",415,617,497,340,489,765,476,654,"1,321",488,580,365,389,693,813,571,"1,043",857,861,662,772,943,870,742,706,"1,362",541,"1,210",624,799,571,924,764,"1,193",779,"1,044",663,734,483,760,779,785,"2,617","1,342",812,"1,106",597,863,319,"1,605",761,937,910,789,964,"1,001","1,407",761,"1,530","1,793","1,104","1,289","2,194"
66,"75,370","8,545","8,934","8,564","8,518","11,190","11,662","8,895","9,062","8,545","8,934","4,662","3,902","2,263","6,255","3,361","4,088","3,741","3,488","8,174","4,611","4,284","9,062","8,545",689,610,"1,132",657,531,756,848,654,989,821,826,421,"1,351",455,713,529,354,502,758,396,633,"1,206",459,514,336,358,666,915,682,"1,127",889,853,666,840,966,914,777,716,"1,284",584,"1,169",514,874,562,969,777,"1,159",787,"1,018",688,737,510,799,754,735,"2,612","1,427",822,"1,131",655,792,335,"1,626",808,912,930,832,971,"1,008","1,473",822,"1,544","1,850","1,143","1,300","2,403"
67,"73,404","8,201","8,906","8,331","8,520","11,045","11,283","8,540","8,578","8,201","8,906","4,433","3,898","2,297","6,223","3,379","4,141","3,525","3,373","7,910","4,438","4,102","8,578","8,201",747,576,"1,111",694,543,745,856,688,954,792,802,398,"1,242",386,705,521,356,512,711,438,607,"1,284",389,514,324,342,727,907,663,"1,068",870,910,654,847,972,902,761,735,"1,362",521,"1,146",589,808,609,989,684,"1,103",740,998,635,770,489,744,735,698,"2,512","1,391",835,"1,062",628,784,327,"1,577",742,852,940,798,980,945,"1,379",704,"1,504","1,784","1,045","1,249","2,292"
68,"71,208","8,031","8,733","8,058","8,193","10,538","10,914","8,296","8,445","8,031","8,733","4,194","3,864","2,125","6,068","3,211","3,928","3,399","3,332","7,582","4,371","3,925","8,445","8,031",774,572,"1,153",633,525,706,797,654,925,768,823,403,"1,182",414,661,488,337,447,665,429,596,"1,227",429,495,339,349,628,886,611,"1,017",881,878,624,768,970,930,791,671,"1,244",505,"1,161",573,770,502,922,677,"1,072",737,913,679,762,478,694,719,715,"2,462","1,312",758,"1,009",552,774,312,"1,537",787,824,911,761,942,963,"1,259",753,"1,478","1,677","1,046","1,204","2,287"
69,"72,659","8,382","8,693","8,321","8,374","10,818","11,202","8,441","8,428","8,382","8,693","4,384","3,937","2,183","6,191","3,316","4,069","3,433","3,357","7,845","4,522","3,919","8,428","8,382",694,573,"1,086",665,527,709,798,635,"1,012",817,783,394,"1,239",429,690,474,347,492,713,416,622,"1,295",429,486,348,341,687,864,632,"1,052",907,915,619,834,971,893,755,674,"1,335",552,"1,212",558,807,553,939,700,"1,075",723,935,653,719,553,692,740,737,"2,500","1,362",815,"1,013",592,826,310,"1,599",782,894,937,714,943,"1,032","1,230",774,"1,464","1,812","1,037","1,190","2,151"
70,"75,106","8,917","8,987","8,739","8,554","11,263","11,657","8,505","8,484","8,917","8,987","4,577","4,162","2,256","6,298","3,482","4,199","3,582","3,430","8,227","4,604","3,901","8,484","8,917",681,649,"1,177",748,514,719,815,641,"1,013",799,804,427,"1,283",422,726,541,371,492,742,462,640,"1,379",419,536,350,376,699,901,656,"1,108",865,913,605,825,"1,040",942,812,799,"1,334",537,"1,251",569,808,560,"1,011",706,"1,172",718,986,632,764,501,761,772,710,"2,830","1,430",850,"1,045",554,808,317,"1,652",696,997,942,724,946,973,"1,258",771,"1,407","1,795","1,034","1,190","2,287"
71,"71,996","9,288","8,724","8,324","7,657","10,621","11,456","8,249","7,677","9,288","8,724","4,337","3,987","1,930","5,727","3,118","3,944","3,559","3,361","8,095","4,318","3,931","7,677","9,288",687,635,"1,060",680,535,665,821,674,961,826,788,392,"1,301",376,682,479,313,443,743,409,572,"1,393",444,517,372,280,615,774,541,959,814,826,591,785,866,886,731,638,"1,233",516,"1,237",581,755,499,872,683,"1,196",714,966,617,768,514,701,761,720,"2,899","1,394",799,"1,035",529,719,253,"1,512",781,959,813,689,962,995,"1,285",665,"1,267","1,607","1,003",965,"2,170"
72,"57,815","7,584","7,028","6,747","5,641","8,302","9,358","6,791","6,364","7,584","7,028","3,457","3,290","1,527","4,114","2,328","3,195","2,779","2,877","6,481","3,488","3,303","6,364","7,584",537,496,947,536,394,633,666,537,743,651,609,279,"1,031",264,488,421,254,385,614,300,529,"1,204",339,388,274,256,478,623,426,681,594,595,423,564,676,581,496,527,868,437,956,440,669,430,700,557,882,576,764,538,572,455,600,712,613,"2,246","1,100",629,868,459,566,218,"1,235",652,796,587,601,815,837,"1,050",464,"1,068","1,381",767,809,"1,875"
73,"59,253","7,846","6,951","6,821","5,916","8,559","9,403","6,824","6,933","7,846","6,951","3,448","3,373","1,579","4,337","2,370","3,345","2,844","2,798","6,605","3,510","3,314","6,933","7,846",468,537,946,569,425,561,631,502,727,660,623,302,"1,027",287,481,440,222,408,583,311,518,"1,318",353,395,266,212,473,637,469,712,575,613,428,615,718,676,481,492,954,443,996,498,735,444,672,648,937,550,709,511,610,436,615,626,597,"2,376","1,107",606,875,490,554,206,"1,263",648,778,615,572,827,839,"1,076",502,"1,200","1,551",790,896,"1,994"
74,"56,555","7,252","6,644","6,397","5,585","8,182","9,051","6,607","6,837","7,252","6,644","3,311","3,086","1,495","4,090","2,316","3,194","2,672","2,673","6,378","3,469","3,138","6,837","7,252",485,506,880,501,430,538,618,487,682,635,589,293,"1,019",256,479,408,227,419,503,321,500,"1,128",307,359,260,211,476,604,415,665,574,611,392,561,633,654,469,508,882,457,981,432,660,430,691,550,911,526,685,539,529,397,574,634,576,"2,283","1,154",581,845,420,519,200,"1,253",611,726,679,559,772,769,"1,038",431,"1,150","1,535",811,888,"2,022"
75,"49,102","6,039","5,582","5,592","4,944","6,954","8,082","5,882","6,027","6,039","5,582","2,923","2,669","1,284","3,660","1,938","2,688","2,328","2,325","5,757","3,086","2,796","6,027","6,039",442,378,736,463,367,462,499,427,582,475,480,271,846,237,402,373,215,356,494,262,432,967,275,326,199,208,386,517,381,576,531,538,368,520,590,537,373,419,783,363,831,324,573,357,603,474,760,468,626,422,483,365,493,562,527,"2,024",979,577,820,385,445,193,"1,112",507,677,597,520,670,658,948,444,"1,017","1,437",694,813,"1,622"
76,"46,130","5,221","5,069","5,208","4,734","6,575","7,685","5,682","5,956","5,221","5,069","2,722","2,486","1,309","3,425","1,860","2,491","2,224","2,183","5,502","2,909","2,773","5,956","5,221",377,330,668,427,335,416,453,378,540,424,487,234,800,224,403,323,199,334,439,251,378,891,248,312,193,213,383,512,414,549,464,524,338,509,563,478,414,385,712,349,775,354,510,340,512,431,707,476,610,398,454,352,483,496,518,"1,858",964,506,764,415,477,192,"1,043",480,599,595,488,653,694,938,364,"1,077","1,466",649,810,"1,590"
77,"43,952","4,784","4,886","4,950","4,686","6,193","7,294","5,404","5,755","4,784","4,886","2,604","2,346","1,382","3,304","1,675","2,367","2,151","2,240","5,054","2,786","2,618","5,755","4,784",409,379,655,420,310,356,441,357,476,359,474,250,769,216,379,298,199,324,419,243,357,795,245,295,190,221,421,562,399,478,498,472,347,507,536,466,362,348,692,273,729,322,457,326,533,454,737,432,528,439,501,332,474,494,487,"1,700",854,487,689,363,474,176,"1,013",440,602,555,479,644,591,904,373,938,"1,254",643,904,"1,643"
78,"38,132","3,942","4,205","4,403","4,067","5,569","6,361","4,811","4,774","3,942","4,205","2,264","2,139","1,161","2,906","1,610","2,040","1,919","1,996","4,365","2,374","2,437","4,774","3,942",350,304,520,371,253,363,394,314,408,326,415,187,635,179,325,292,173,274,386,225,334,753,231,239,177,180,337,486,338,458,405,392,292,413,529,417,322,356,633,299,639,297,425,279,400,379,666,381,493,402,409,301,413,471,415,"1,530",705,438,599,306,372,141,845,408,511,469,424,642,567,804,309,747,"1,069",550,785,"1,314"
79,"35,334","4,004","4,003","4,138","3,540","4,970","6,040","4,599","4,040","4,004","4,003","2,162","1,976","1,039","2,501","1,319","1,950","1,701","1,895","4,145","2,353","2,246","4,040","4,004",324,277,511,335,283,338,357,302,390,293,400,193,593,173,312,265,163,264,392,172,331,692,211,236,180,154,263,439,337,397,373,367,278,324,384,378,284,267,513,255,652,264,379,255,400,357,582,332,430,355,397,290,391,462,414,"1,417",664,391,582,318,359,126,816,446,536,429,385,574,549,738,286,657,894,512,580,"1,111"
80,"32,163","3,697","3,674","3,671","3,170","4,684","5,527","4,172","3,568","3,697","3,674","1,936","1,735",935,"2,235","1,195","1,785","1,704","1,756","3,771","2,074","2,098","3,568","3,697",322,259,453,300,256,303,366,291,346,273,346,159,530,149,279,248,153,236,341,159,279,655,160,211,130,141,257,417,261,348,317,361,256,305,339,309,274,279,421,221,528,250,381,247,379,350,596,319,439,322,371,280,361,422,340,"1,297",654,324,526,313,317,138,708,383,460,385,391,506,496,705,286,572,765,436,513,996
81,"30,402","3,544","3,426","3,659","2,839","4,439","5,208","3,902","3,385","3,544","3,426","1,950","1,709",842,"1,997","1,159","1,673","1,607","1,615","3,593","1,948","1,954","3,385","3,544",275,211,404,280,237,270,346,249,354,274,363,163,526,149,304,242,160,229,340,170,250,668,173,185,147,116,252,359,231,324,287,304,208,271,271,332,250,232,429,248,560,228,327,228,330,319,586,287,415,320,314,278,325,378,326,"1,257",595,336,495,257,327,96,728,347,433,344,333,538,455,628,244,611,731,389,531,879
82,"28,590","3,272","3,359","3,471","2,690","4,139","4,912","3,604","3,143","3,272","3,359","1,906","1,565",786,"1,904","1,068","1,597","1,474","1,559","3,353","1,790","1,814","3,143","3,272",283,217,433,260,254,262,331,259,313,267,344,136,563,123,284,239,129,206,362,156,272,545,170,183,123,116,243,326,217,315,251,293,203,285,274,283,212,204,417,235,495,258,328,206,310,302,521,282,369,315,355,229,321,339,330,"1,099",591,312,487,256,278,99,638,313,397,343,310,464,447,593,239,536,656,399,480,833
83,"27,407","3,215","3,208","3,278","2,544","4,065","4,613","3,518","2,966","3,215","3,208","1,695","1,583",722,"1,822","1,045","1,541","1,479","1,491","3,122","1,741","1,777","2,966","3,215",261,211,402,282,238,241,297,235,315,250,338,138,530,116,225,206,115,203,300,175,256,569,155,175,145,108,200,329,193,311,246,315,181,246,242,281,208,212,385,240,496,205,337,211,292,305,516,276,382,269,298,228,332,364,300,"1,068",513,258,457,247,279,88,656,308,372,317,325,458,375,619,238,510,623,310,462,823
84,"25,535","3,134","2,939","2,970","2,246","3,844","4,374","3,301","2,727","3,134","2,939","1,624","1,346",617,"1,629","1,013","1,440","1,391","1,326","3,048","1,636","1,665","2,727","3,134",237,194,379,264,211,211,288,202,289,244,292,128,466,105,239,215,111,192,296,113,250,491,141,155,109,87,186,264,167,261,213,276,176,204,243,256,209,217,365,222,449,202,302,195,292,298,477,292,324,252,283,199,289,303,278,"1,079",490,267,428,214,292,88,623,295,347,283,297,422,371,575,217,469,579,305,429,728
85,"24,595","3,182","2,845","2,807","2,079","3,664","4,279","3,130","2,609","3,182","2,845","1,487","1,320",568,"1,511",934,"1,349","1,381","1,367","2,912","1,568","1,562","2,609","3,182",259,196,336,237,214,216,257,220,274,243,256,137,446,98,236,185,113,144,265,136,207,466,153,161,113,84,169,263,136,262,188,252,147,182,233,247,174,191,347,222,435,208,272,179,255,288,508,262,323,292,298,179,310,288,298,"1,041",456,248,368,227,274,92,570,291,299,316,266,376,357,563,176,441,525,325,385,757
86,"22,006","2,838","2,526","2,592","1,858","3,218","3,752","2,840","2,382","2,838","2,526","1,358","1,234",515,"1,343",789,"1,265","1,164","1,094","2,658","1,433","1,407","2,382","2,838",183,168,354,188,189,179,256,204,247,200,242,116,391,93,212,188,92,133,249,138,194,444,122,139,113,84,157,245,113,245,159,203,151,193,179,213,152,183,299,155,440,174,222,173,256,245,404,215,300,209,232,158,283,212,248,961,431,239,344,216,219,72,558,248,277,278,266,346,320,475,136,430,499,281,360,676
87,"19,821","2,642","2,249","2,322","1,672","2,949","3,434","2,436","2,117","2,642","2,249","1,200","1,122",445,"1,227",764,"1,203",982,988,"2,446","1,213","1,223","2,117","2,642",171,162,272,186,151,163,253,166,212,203,216,94,356,82,177,160,78,135,212,81,183,442,124,126,92,74,132,208,105,186,157,209,121,160,201,193,135,166,294,169,353,203,242,151,254,182,354,185,261,193,236,136,226,197,235,905,411,190,329,157,219,55,449,214,267,228,237,291,286,409,140,407,405,257,290,618
88,"16,294","2,221","1,840","1,811","1,324","2,416","2,912","1,999","1,771","2,221","1,840",961,850,392,932,639,944,833,860,"2,052","1,032",967,"1,771","2,221",139,122,238,149,118,149,172,128,205,146,188,86,275,61,147,127,66,105,180,106,139,297,98,80,75,55,135,165,92,151,120,147,109,125,136,144,119,131,256,133,294,132,197,139,182,159,302,178,194,146,203,139,193,179,193,787,331,173,259,147,162,56,410,191,203,172,175,253,199,340,124,304,367,198,269,509
89,"13,891","1,893","1,588","1,478","1,192","2,037","2,504","1,694","1,505","1,893","1,588",818,660,344,848,533,834,670,725,"1,779",867,827,"1,505","1,893",142,114,201,127,101,138,154,123,158,115,157,58,232,53,106,115,61,92,159,48,124,249,64,73,67,35,112,146,86,132,109,147,94,102,128,136,89,142,193,109,261,125,182,132,134,133,240,117,180,137,159,111,166,152,160,641,309,163,237,117,152,44,305,168,179,171,151,203,200,273,103,258,292,181,248,423
90,"11,161","1,572","1,248","1,233",956,"1,634","1,954","1,375","1,189","1,572","1,248",639,594,239,717,454,654,526,512,"1,442",674,701,"1,189","1,572",100,77,136,108,106,99,116,96,123,129,112,46,186,51,87,79,47,74,115,54,94,214,66,78,51,37,70,119,50,136,92,100,72,92,108,117,78,103,185,88,218,91,114,101,130,102,199,100,125,89,132,51,124,116,136,558,220,129,182,100,117,31,253,105,157,128,133,186,153,229,92,220,241,129,164,343
91,"9,040","1,292","1,037",963,748,"1,315","1,587","1,149",949,"1,292","1,037",536,427,212,536,385,517,413,480,"1,107",611,538,949,"1,292",91,74,126,76,58,83,105,82,100,90,112,40,173,24,84,62,38,56,99,43,69,168,42,40,38,27,74,81,57,84,76,94,49,60,73,100,59,81,161,84,162,79,93,84,99,83,141,93,96,76,97,77,129,101,92,451,173,94,134,66,97,39,229,93,134,116,104,134,126,174,74,188,175,120,134,258
92,"7,069",980,792,762,588,"1,019","1,269",893,766,980,792,413,349,158,430,291,406,322,362,907,464,429,766,980,64,60,95,87,41,59,79,63,68,76,65,35,114,32,60,47,30,53,77,36,65,129,34,42,24,19,56,62,40,71,43,69,48,49,63,87,58,64,117,52,120,69,89,56,72,75,115,49,83,53,79,53,84,93,80,354,133,66,120,65,89,31,171,85,99,78,85,111,92,141,60,134,164,96,101,211
93,"5,527",840,553,574,529,822,"1,012",617,580,840,553,322,252,157,372,230,325,267,267,745,340,277,580,840,36,40,71,52,33,44,54,47,54,41,57,24,90,23,48,44,16,34,67,22,47,74,25,35,29,20,51,79,27,65,44,63,27,48,51,74,32,62,93,43,100,49,65,39,72,56,94,34,83,57,56,42,57,55,63,304,134,54,76,44,70,16,124,57,62,81,71,78,49,79,45,96,104,72,85,178
94,"4,202",666,434,452,377,601,699,508,465,666,434,222,230,103,274,178,213,210,183,516,268,240,465,666,29,25,46,37,19,49,47,39,50,41,32,20,71,14,31,23,24,30,29,22,29,88,28,34,15,14,35,48,20,54,46,39,31,25,36,43,38,39,73,28,66,33,50,30,34,38,77,31,64,31,39,21,52,40,46,199,89,41,65,37,39,15,100,55,49,49,48,54,54,84,32,94,84,48,64,143
95,"2,900",460,305,288,237,414,541,320,335,460,305,169,119,54,183,122,159,133,120,421,186,134,335,460,25,19,31,36,18,27,29,28,28,25,27,12,57,6,20,22,9,19,36,9,14,43,23,14,10,6,20,23,11,29,14,38,21,23,14,44,24,29,45,24,49,27,38,23,22,31,35,27,40,19,33,15,30,23,35,167,84,25,41,29,40,6,74,35,38,33,29,28,24,53,27,74,57,47,38,92
96,"1,958",297,174,201,143,305,372,244,222,297,174,108,93,36,107,91,130,84,89,283,123,121,222,297,19,14,14,16,18,17,12,14,13,17,14,6,35,5,18,14,10,12,14,11,23,25,4,12,12,6,15,11,10,15,24,13,9,15,14,17,17,23,34,17,49,21,27,13,20,22,29,14,19,13,21,14,24,17,18,131,49,21,21,16,27,9,37,25,28,24,21,33,25,42,15,42,31,23,34,77
97,"1,102",182,123,113,86,152,184,146,116,182,123,65,48,26,60,48,53,51,58,126,80,66,116,182,13,14,17,9,8,10,12,3,13,13,5,6,20,4,9,12,4,3,13,7,8,15,1,9,5,3,9,10,7,10,14,16,6,4,2,8,11,10,21,6,18,10,10,5,10,19,11,8,13,8,14,7,16,13,6,62,22,7,13,6,10,4,23,19,17,17,12,20,11,23,4,30,26,14,16,26
98,563,91,54,56,38,90,106,78,50,91,54,34,22,8,30,22,33,35,24,82,35,43,50,91,2,2,6,6,5,5,4,7,8,4,4,1,12,4,5,5,3,1,4,1,5,5,4,3,1,3,2,5,1,5,3,6,6,1,4,5,5,7,8,2,8,5,9,4,7,7,11,4,13,7,6,3,2,6,3,41,13,6,9,3,7,4,9,8,10,4,7,10,8,18,2,6,12,7,8,15
99,213,34,20,28,20,28,38,21,24,34,20,18,10,4,16,2,16,10,6,32,14,7,24,34,2,2,3,2,0,2,0,1,5,1,2,0,5,1,3,4,1,1,3,1,2,4,1,2,0,0,2,1,1,2,0,3,2,3,3,3,0,0,2,0,3,1,7,2,3,4,3,2,1,0,1,1,2,2,3,16,4,2,2,2,3,0,7,1,1,5,1,1,4,1,2,3,6,3,1,9
100+,496,81,59,59,41,65,99,51,41,81,59,36,23,8,33,12,33,20,27,72,29,22,41,81,1,4,5,6,5,2,7,0,16,6,6,1,11,2,6,5,0,5,7,2,3,6,1,5,4,2,4,3,1,12,4,1,4,3,6,3,3,1,5,3,12,5,1,6,9,2,6,7,5,4,3,6,4,10,3,30,13,4,9,4,9,1,7,7,8,6,5,2,4,11,5,6,8,4,7,11
